Mrs,Lisa,Walters,2064530811,1995,March,3,Provisional,10,Actor,8375 County Road 39,Morning,Morning,40649,Lisa.Walters@4yopmail.com,Password124712985,Password124712985
Mr,Tim,Sullivan,2054421717,1991,January,8,Full,2,Actor,Brodswell,Brodswell,61948,Tim.Sullivan@4yopmail.com,PASSw0r#,PASSw0r#
Mr,Barb ,Willings,2057791415,1963,June,7,Provisional,5,Artist,168 Main Street,2057791415,40649,Barb.Willings@4yopmail.com,Password124712984,Password124712984
Mr,Bob ,Marley,2057791415,1974,June,18,Full,6,Doctor,168 Main Street,1674982,61948,Bob.Marley@4yopmail.com,PASSw0r#,PASSw0r#
Mr,Jacob ,Smithers,2067900509,1995,May,5,Provisional,7,Librarian,8374 County Road 39,2067900509,40649,Jacob.Smithers@4yopmail.com,PASSw0r#,PASSw0r#
Mr,Trenni ,Malls,2071270207,1964,June,6,Full,8,Student,169 Main Street,2071270207,61948,Trenni.Malls@4yopmail.com,Password124712986,Password124712986
Mr,Man ,Stilt,2057791415,1988,December,25,Provisional,9,Accountant,170 Main Street,1674982,40649,Man.Stilt@4yopmail.com,PASSw0r#,PASSw0r#
Mr,Lolli ,Happens,2078009603,1995,January,1,Full,10,Architect,8376 County Road 39,2078009603,61948,Lolli.Happens@4yopmail.com,Password124712987,Password124712987
Mr,Michael ,Moore,2081379301,1991,March,3,Provisional,11,Dentist,171 Main Street,2081379301,40649,Michael.Moore@4yopmail.com,PASSw0r#,PASSw0r#
Mr,Codi ,Smith,2084748999,1995,May,5,Full,12,Economists,8377 County Road 39,2084748999,61948,Codi.Smith@4yopmail.com,Password124712988,Password124712988
Mr,Andy ,Link,2088118697,1995,July,7,Provisional,13,Writer,172 Main Street,2088118697,40649,Andy.Link@4yopmail.com,PASSw0r#,PASSw0r#
Mr,Lisa ,Daniels,2091488395,1995,June,6,Full,14,Engineer,8378 County Road 39,2091488395,61948,Lisa.Daniels@4yopmail.com,Password124712989,Password124712989
Mr,Tony ,Mike,2057791415,1978,May,7,Provisional,15,Lawyer,173 Main Street,1674982,40649,Tony.Mike@4yopmail.com,PASSw0r#,PASSw0r#
Mr,Mona ,Lisa,2098227791,1995,June,4,Full,16,Nurse,8379 County Road 39,2098227791,61948,Mona.Lisa@4yopmail.com,Password124712990,Password124712990
Mr,Brody ,Smothers,2101597489,1952,May,5,Provisional,17,Pharmacist,174 Main Street,2101597489,40649,Brody.Smothers@4yopmail.com,PASSw0r#,PASSw0r#
Mr,Zelda ,Trish,2104967187,1997,July,8,Full,18,Physician,8380 County Road 39,2104967187,61948,Zelda.Trish@4yopmail.com,Password124712991,Password124712991
Mr,Link ,Awakens,2108336885,1998,Febuarary ,4,Provisional,19,Physiotherapist,175 Main Street,2108336885,40649,Link.Awakens@4yopmail.com,PASSw0r#,PASSw0r#
Mr,Tanya ,Roslie,2111706583,1961,July,4,Full,20,Psychologist,8381 County Road 39,2111706583,61948,Tanya.Roslie@4yopmail.com,Password124712992,Password124712992
Mr,Ross ,Franks,2115076281,1969,June,9,Provisional,21,Scientist,176 Main Street,2115076281,40649,Ross.Franks@4yopmail.com,PASSw0r#,PASSw0r#
Mr,Rosise ,Baggier,2118445979,1997,May,8,Full,22,Social worker,8382 County Road 39,2118445979,61948,Rosise.Baggier@5yopmail.com,Password124712993,Password124712993
Mr,Rosise ,Baggier,2118445979,1997,June,9,Full,23,Statistician,8383 County Road 39,2118445979,61948,Rosise.Baggier@6yopmail.com,Password124712993,Password124712993
Mr,Rosise ,Baggier,2118445979,1997,July,10,Full,24,Surgeon,8384 County Road 39,2118445979,61948,Rosise.Baggier@7yopmail.com,Password124712993,Password124712993
Mr,Rosise ,Baggier,2118445979,1997,August,11,Full,25,Teacher,8385 County Road 39,2118445979,61948,Rosise.Baggier@8yopmail.com,Password124712993,Password124712993
Mr,Rosise ,Baggier,2118445979,1997,September,12,Full,26,Math Professor,8386 County Road 39,2118445979,61948,Rosise.Baggier@9yopmail.com,Password124712993,Password124712993
